{
  "timestamp": "2025-10-05T19:37:54.397056",
  "model_tested": "transitivity_semantic_v4",
  "model_path": "/content/drive/MyDrive/transitivity_v4/semantic_v4_merged",
  "evaluation_results": {
    "branching": {
      "accuracy": 97.89,
      "precision": 5.88235294117647,
      "recall": 0.5102040816326531,
      "f1": 0.9389671361502347,
      "yes_predictions": 17,
      "no_predictions": 9983,
      "confusion_matrix": {
        "tp": 1,
        "tn": 9788,
        "fp": 16,
        "fn": 195
      }
    },
    "length": {
      "accuracy": 64.64,
      "precision": 100.0,
      "recall": 64.64,
      "f1": 78.52283770651118,
      "yes_predictions": 6464,
      "no_predictions": 3536,
      "confusion_matrix": {
        "tp": 6464,
        "tn": 0,
        "fp": 0,
        "fn": 3536
      }
    },
    "long_names": {
      "accuracy": 62.74999999999999,
      "precision": 46.40278815036097,
      "recall": 54.249126891734576,
      "f1": 50.020126123708586,
      "yes_predictions": 4017,
      "no_predictions": 5983,
      "confusion_matrix": {
        "tp": 1864,
        "tn": 4411,
        "fp": 2153,
        "fn": 1572
      }
    },
    "reversed": {
      "accuracy": 56.879999999999995,
      "precision": 2.0872420262664164,
      "recall": 39.38053097345133,
      "f1": 3.9643652561247213,
      "yes_predictions": 4264,
      "no_predictions": 5736,
      "confusion_matrix": {
        "tp": 89,
        "tn": 5599,
        "fp": 4175,
        "fn": 137
      }
    },
    "shuffled": {
      "accuracy": 69.71000000000001,
      "precision": 0.2968337730870712,
      "recall": 60.0,
      "f1": 0.590744995077125,
      "yes_predictions": 3032,
      "no_predictions": 6968,
      "confusion_matrix": {
        "tp": 9,
        "tn": 6962,
        "fp": 3023,
        "fn": 6
      }
    }
  },
  "comparison": {
    "length": {
      "baseline": 86.0,
      "current_model": 64.64,
      "best_semantic_v4": 99.5,
      "improvement_vs_baseline": -21.36
    },
    "branching": {
      "baseline": 6.0,
      "current_model": 97.89,
      "best_semantic_v4": 61.5,
      "improvement_vs_baseline": 91.89
    },
    "reversed": {
      "baseline": 96.0,
      "current_model": 56.879999999999995,
      "best_semantic_v4": 97.0,
      "improvement_vs_baseline": -39.120000000000005
    },
    "shuffled": {
      "baseline": 85.0,
      "current_model": 69.71000000000001,
      "best_semantic_v4": 95.0,
      "improvement_vs_baseline": -15.289999999999992
    },
    "long_names": {
      "baseline": 96.0,
      "current_model": 62.74999999999999,
      "best_semantic_v4": 100.0,
      "improvement_vs_baseline": -33.25000000000001
    }
  },
  "average_metrics": {
    "current_accuracy": 70.374,
    "current_f1": 26.807408243514367,
    "baseline_avg": 73.8,
    "best_v4_avg": 90.6,
    "improvement_vs_baseline": -3.426000000000002
  }
}